height,radii list,wavelength,transmission,reflection
5.0,"[1.215, 0.375, 0.375, 0.615]",3.0,0.7641166780948443,0.23588332190515096
5.0,"[1.215, 0.375, 0.375, 0.615]",3.051282051282051,0.7704415090117669,0.22955849098822573
5.0,"[1.215, 0.375, 0.375, 0.615]",3.1025641025641026,0.7720538320235363,0.22794616797640888
5.0,"[1.215, 0.375, 0.375, 0.615]",3.1538461538461537,0.7688854104033351,0.23111458959664402
5.0,"[1.215, 0.375, 0.375, 0.615]",3.2051282051282053,0.7618828039809212,0.23811719601902728
5.0,"[1.215, 0.375, 0.375, 0.615]",3.2564102564102564,0.7524339672645777,0.24756603273542327
5.0,"[1.215, 0.375, 0.375, 0.615]",3.3076923076923075,0.7419001002103872,0.25809989978961617
5.0,"[1.215, 0.375, 0.375, 0.615]",3.358974358974359,0.7313922052543828,0.26860779474560703
5.0,"[1.215, 0.375, 0.375, 0.615]",3.41025641025641,0.721754996520012,0.2782450034800084
5.0,"[1.215, 0.375, 0.375, 0.615]",3.4615384615384617,0.7137073779234806,0.28629262207651945
5.0,"[1.215, 0.375, 0.375, 0.615]",3.5128205128205128,0.7080818417276951,0.29191815827230516
5.0,"[1.215, 0.375, 0.375, 0.615]",3.564102564102564,0.7058802574538326,0.29411974254617373
5.0,"[1.215, 0.375, 0.375, 0.615]",3.6153846153846154,0.7075805714916736,0.2924194285083296
5.0,"[1.215, 0.375, 0.375, 0.615]",3.6666666666666665,0.712193656971176,0.287806343028817
5.0,"[1.215, 0.375, 0.375, 0.615]",3.717948717948718,0.7178870483340166,0.28211295166597855
5.0,"[1.215, 0.375, 0.375, 0.615]",3.769230769230769,0.7233973842726621,0.27660261572733824
5.0,"[1.215, 0.375, 0.375, 0.615]",3.8205128205128203,0.7289766803155314,0.27102331968447074
5.0,"[1.215, 0.375, 0.375, 0.615]",3.871794871794872,0.7309953034809435,0.2690046965191443
5.0,"[1.215, 0.375, 0.375, 0.615]",3.923076923076923,0.752823090580076,0.24717690941992426
5.0,"[1.215, 0.375, 0.375, 0.615]",3.9743589743589745,0.7477380299770697,0.25226197002292977
5.0,"[1.215, 0.375, 0.375, 0.615]",4.0256410256410255,0.7504503099038167,0.24954969009621933
5.0,"[1.215, 0.375, 0.375, 0.615]",4.076923076923077,0.7529672269452541,0.2470327730547695
5.0,"[1.215, 0.375, 0.375, 0.615]",4.128205128205128,0.7546963884909039,0.24530361150910215
5.0,"[1.215, 0.375, 0.375, 0.615]",4.17948717948718,0.7554833848899849,0.24451661511001752
5.0,"[1.215, 0.375, 0.375, 0.615]",4.230769230769231,0.7553006068061434,0.2446993931938535
5.0,"[1.215, 0.375, 0.375, 0.615]",4.282051282051282,0.7541881329129108,0.24581186708709135
5.0,"[1.215, 0.375, 0.375, 0.615]",4.333333333333333,0.7522321551580059,0.2477678448420551
5.0,"[1.215, 0.375, 0.375, 0.615]",4.384615384615385,0.7495525632875096,0.2504474367124602
5.0,"[1.215, 0.375, 0.375, 0.615]",4.435897435897436,0.7462966170365222,0.2537033829635012
5.0,"[1.215, 0.375, 0.375, 0.615]",4.487179487179487,0.7426268687588428,0.25737313124112887
5.0,"[1.215, 0.375, 0.375, 0.615]",4.538461538461538,0.7387142947858253,0.26128570521416733
5.0,"[1.215, 0.375, 0.375, 0.615]",4.589743589743589,0.7347255016326597,0.26527449836734107
5.0,"[1.215, 0.375, 0.375, 0.615]",4.6410256410256405,0.7308064284218676,0.26919357157813084
5.0,"[1.215, 0.375, 0.375, 0.615]",4.6923076923076925,0.7270715761099794,0.2729284238900302
5.0,"[1.215, 0.375, 0.375, 0.615]",4.743589743589744,0.7235967770110704,0.27640322298890474
5.0,"[1.215, 0.375, 0.375, 0.615]",4.794871794871795,0.7204203444881333,0.2795796555118657
5.0,"[1.215, 0.375, 0.375, 0.615]",4.846153846153846,0.7175512471055208,0.28244875289447746
5.0,"[1.215, 0.375, 0.375, 0.615]",4.897435897435898,0.7149805371872756,0.285019462812725
5.0,"[1.215, 0.375, 0.375, 0.615]",4.948717948717949,0.7126918943297256,0.2873081056702453
5.0,"[1.215, 0.375, 0.375, 0.615]",5.0,0.7106688308162546,0.2893311691837824
6.0,"[0.855, 0.375, 0.135, 1.095]",3.0,0.7556515101485376,0.24434848985145904
6.0,"[0.855, 0.375, 0.135, 1.095]",3.051282051282051,0.7417253530929435,0.2582746469070552
6.0,"[0.855, 0.375, 0.135, 1.095]",3.1025641025641026,0.7278932116608783,0.27210678833923524
6.0,"[0.855, 0.375, 0.135, 1.095]",3.1538461538461537,0.7164983740458689,0.28350162595430073
6.0,"[0.855, 0.375, 0.135, 1.095]",3.2051282051282053,0.7097892042121123,0.29021079578788644
6.0,"[0.855, 0.375, 0.135, 1.095]",3.2564102564102564,0.7092656031932938,0.29073439680670243
6.0,"[0.855, 0.375, 0.135, 1.095]",3.3076923076923075,0.7145086346955261,0.2854913653044969
6.0,"[0.855, 0.375, 0.135, 1.095]",3.358974358974359,0.723185083457155,0.2768149165428428
6.0,"[0.855, 0.375, 0.135, 1.095]",3.41025641025641,0.7325022356767038,0.26749776432329525
6.0,"[0.855, 0.375, 0.135, 1.095]",3.4615384615384617,0.7404074808398792,0.25959251916008125
6.0,"[0.855, 0.375, 0.135, 1.095]",3.5128205128205128,0.7457658931079952,0.2542341068927298
6.0,"[0.855, 0.375, 0.135, 1.095]",3.564102564102564,0.748017950302308,0.25198204969769117
6.0,"[0.855, 0.375, 0.135, 1.095]",3.6153846153846154,0.7468794692087757,0.25312053079122426
6.0,"[0.855, 0.375, 0.135, 1.095]",3.6666666666666665,0.742759451004767,0.2572405489952087
6.0,"[0.855, 0.375, 0.135, 1.095]",3.717948717948718,0.7384394333810125,0.2615605666189843
6.0,"[0.855, 0.375, 0.135, 1.095]",3.769230769230769,0.7364938236169267,0.2635061763830729
6.0,"[0.855, 0.375, 0.135, 1.095]",3.8205128205128203,0.7352626465524222,0.2647373534475654
6.0,"[0.855, 0.375, 0.135, 1.095]",3.871794871794872,0.7313026341502633,0.2686973658497404
6.0,"[0.855, 0.375, 0.135, 1.095]",3.923076923076923,0.7495587531796001,0.250441246820305
6.0,"[0.855, 0.375, 0.135, 1.095]",3.9743589743589745,0.7160818424986393,0.28391815750135097
6.0,"[0.855, 0.375, 0.135, 1.095]",4.0256410256410255,0.7125702815145312,0.28742971848547977
6.0,"[0.855, 0.375, 0.135, 1.095]",4.076923076923077,0.7096243161519095,0.2903756838480947
6.0,"[0.855, 0.375, 0.135, 1.095]",4.128205128205128,0.7074399590860232,0.29256004091400223
6.0,"[0.855, 0.375, 0.135, 1.095]",4.17948717948718,0.7061856912730909,0.2938143087268988
6.0,"[0.855, 0.375, 0.135, 1.095]",4.230769230769231,0.705900213769034,0.2940997862309686
6.0,"[0.855, 0.375, 0.135, 1.095]",4.282051282051282,0.7065482170751872,0.29345178292481083
6.0,"[0.855, 0.375, 0.135, 1.095]",4.333333333333333,0.7080483397176813,0.2919516602823547
6.0,"[0.855, 0.375, 0.135, 1.095]",4.384615384615385,0.7102873388193517,0.28971266118064687
6.0,"[0.855, 0.375, 0.135, 1.095]",4.435897435897436,0.7131321684849712,0.28686783151502254
6.0,"[0.855, 0.375, 0.135, 1.095]",4.487179487179487,0.7164345840207647,0.2835654159792396
6.0,"[0.855, 0.375, 0.135, 1.095]",4.538461538461538,0.7200398910988702,0.2799601089011295
6.0,"[0.855, 0.375, 0.135, 1.095]",4.589743589743589,0.7237931739987448,0.2762068260012505
6.0,"[0.855, 0.375, 0.135, 1.095]",4.6410256410256405,0.7275443375651148,0.2724556624348672
6.0,"[0.855, 0.375, 0.135, 1.095]",4.6923076923076925,0.7311544536287473,0.26884554637127017
6.0,"[0.855, 0.375, 0.135, 1.095]",4.743589743589744,0.7345003655444027,0.26549963445562585
6.0,"[0.855, 0.375, 0.135, 1.095]",4.794871794871795,0.7374782471886546,0.2625217528113472
6.0,"[0.855, 0.375, 0.135, 1.095]",4.846153846153846,0.7400054921523221,0.2599945078476748
6.0,"[0.855, 0.375, 0.135, 1.095]",4.897435897435898,0.7420206862463748,0.2579793137536493
6.0,"[0.855, 0.375, 0.135, 1.095]",4.948717948717949,0.7434823013868143,0.2565176986131705
6.0,"[0.855, 0.375, 0.135, 1.095]",5.0,0.74436770379465,0.25563229620539335
5.0,"[0.735, 0.255, 0.735, 1.215]",3.0,0.7587841892436986,0.24121581075631213
5.0,"[0.735, 0.255, 0.735, 1.215]",3.051282051282051,0.7669423288233653,0.23305767117663373
5.0,"[0.735, 0.255, 0.735, 1.215]",3.1025641025641026,0.7708357471603927,0.22916425283960204
5.0,"[0.735, 0.255, 0.735, 1.215]",3.1538461538461537,0.7698393020354133,0.23016069796459032
5.0,"[0.735, 0.255, 0.735, 1.215]",3.2051282051282053,0.7644133594590097,0.2355866405409964
5.0,"[0.735, 0.255, 0.735, 1.215]",3.2564102564102564,0.7557547904368168,0.24424520956316917
5.0,"[0.735, 0.255, 0.735, 1.215]",3.3076923076923075,0.745315824119376,0.25468417588056863
5.0,"[0.735, 0.255, 0.735, 1.215]",3.358974358974359,0.7344428763464809,0.26555712365350453
5.0,"[0.735, 0.255, 0.735, 1.215]",3.41025641025641,0.7241979590733592,0.27580204092663974
5.0,"[0.735, 0.255, 0.735, 1.215]",3.4615384615384617,0.7153291533936581,0.284670846606323
5.0,"[0.735, 0.255, 0.735, 1.215]",3.5128205128205128,0.7083666009010019,0.2916333990989977
5.0,"[0.735, 0.255, 0.735, 1.215]",3.564102564102564,0.7038400547347591,0.2961599452652224
5.0,"[0.735, 0.255, 0.735, 1.215]",3.6153846153846154,0.7024410198657141,0.29755898013428567
5.0,"[0.735, 0.255, 0.735, 1.215]",3.6666666666666665,0.7045352368732806,0.2954647631267172
5.0,"[0.735, 0.255, 0.735, 1.215]",3.717948717948718,0.7092920141518083,0.2907079858482199
5.0,"[0.735, 0.255, 0.735, 1.215]",3.769230769230769,0.7152567023764216,0.28474329762357886
5.0,"[0.735, 0.255, 0.735, 1.215]",3.8205128205128203,0.722540389952269,0.27745961004773073
5.0,"[0.735, 0.255, 0.735, 1.215]",3.871794871794872,0.7264377853840042,0.27356221461599883
5.0,"[0.735, 0.255, 0.735, 1.215]",3.923076923076923,0.730618077523431,0.26938192247657045
5.0,"[0.735, 0.255, 0.735, 1.215]",3.9743589743589745,0.7440230917438362,0.2559769082560951
5.0,"[0.735, 0.255, 0.735, 1.215]",4.0256410256410255,0.7467698703298774,0.25323012967008324
5.0,"[0.735, 0.255, 0.735, 1.215]",4.076923076923077,0.7508378440998448,0.24916215590015864
5.0,"[0.735, 0.255, 0.735, 1.215]",4.128205128205128,0.754260604464913,0.24573939553508925
5.0,"[0.735, 0.255, 0.735, 1.215]",4.17948717948718,0.7566854082114226,0.24331459178857945
5.0,"[0.735, 0.255, 0.735, 1.215]",4.230769230769231,0.7579846740206899,0.2420153259793075
5.0,"[0.735, 0.255, 0.735, 1.215]",4.282051282051282,0.7581313958300461,0.24186860416995973
5.0,"[0.735, 0.255, 0.735, 1.215]",4.333333333333333,0.7571663041237684,0.24283369587622503
5.0,"[0.735, 0.255, 0.735, 1.215]",4.384615384615385,0.7551824298457473,0.24481757015425185
5.0,"[0.735, 0.255, 0.735, 1.215]",4.435897435897436,0.752317364925261,0.24768263507479668
5.0,"[0.735, 0.255, 0.735, 1.215]",4.487179487179487,0.7487427452081248,0.25125725479187694
5.0,"[0.735, 0.255, 0.735, 1.215]",4.538461538461538,0.7446576270965691,0.255342372903458
5.0,"[0.735, 0.255, 0.735, 1.215]",4.589743589743589,0.7402765269631072,0.25972347303689514
5.0,"[0.735, 0.255, 0.735, 1.215]",4.6410256410256405,0.7358107222645242,0.2641892777354747
5.0,"[0.735, 0.255, 0.735, 1.215]",4.6923076923076925,0.7314485455847421,0.26855145441525347
5.0,"[0.735, 0.255, 0.735, 1.215]",4.743589743589744,0.7273353710144775,0.27266462898550486
5.0,"[0.735, 0.255, 0.735, 1.215]",4.794871794871795,0.7235621771656174,0.27643782283437557
5.0,"[0.735, 0.255, 0.735, 1.215]",4.846153846153846,0.7201669711098879,0.2798330288901113
5.0,"[0.735, 0.255, 0.735, 1.215]",4.897435897435898,0.7171475458574502,0.2828524541425497
5.0,"[0.735, 0.255, 0.735, 1.215]",4.948717948717949,0.7144790446790643,0.285520955320899
5.0,"[0.735, 0.255, 0.735, 1.215]",5.0,0.7121294224493111,0.28787057755068285
5.0,"[0.375, 0.855, 0.135, 0.135]",3.0,0.7366997031914119,0.26330029681010064
5.0,"[0.375, 0.855, 0.135, 0.135]",3.051282051282051,0.7333266013911094,0.26667339860833666
5.0,"[0.375, 0.855, 0.135, 0.135]",3.1025641025641026,0.7282931624459983,0.27170683755400604
5.0,"[0.375, 0.855, 0.135, 0.135]",3.1538461538461537,0.7224045289371749,0.27759547106283605
5.0,"[0.375, 0.855, 0.135, 0.135]",3.2051282051282053,0.7163889833412643,0.2836110166587288
5.0,"[0.375, 0.855, 0.135, 0.135]",3.2564102564102564,0.7108562057099508,0.2891437942900439
5.0,"[0.375, 0.855, 0.135, 0.135]",3.3076923076923075,0.7062982432826758,0.29370175671732546
5.0,"[0.375, 0.855, 0.135, 0.135]",3.358974358974359,0.7031038143143001,0.2968961856865546
5.0,"[0.375, 0.855, 0.135, 0.135]",3.41025641025641,0.7015496135445218,0.2984503864554722
5.0,"[0.375, 0.855, 0.135, 0.135]",3.4615384615384617,0.7017281906675982,0.2982718093323917
5.0,"[0.375, 0.855, 0.135, 0.135]",3.5128205128205128,0.7034370155088007,0.29656298449319357
5.0,"[0.375, 0.855, 0.135, 0.135]",3.564102564102564,0.7061684031057985,0.29383159689665306
5.0,"[0.375, 0.855, 0.135, 0.135]",3.6153846153846154,0.7093069288137616,0.2906930711862135
5.0,"[0.375, 0.855, 0.135, 0.135]",3.6666666666666665,0.7123686771364951,0.2876313228635052
5.0,"[0.375, 0.855, 0.135, 0.135]",3.717948717948718,0.7150754244193396,0.28492457558066026
5.0,"[0.375, 0.855, 0.135, 0.135]",3.769230769230769,0.7172474736542376,0.2827525263457622
5.0,"[0.375, 0.855, 0.135, 0.135]",3.8205128205128203,0.7176676581793243,0.28233234182067457
5.0,"[0.375, 0.855, 0.135, 0.135]",3.871794871794872,0.723639539680161,0.27636046031984085
5.0,"[0.375, 0.855, 0.135, 0.135]",3.923076923076923,0.7243066151250268,0.275693384874976
5.0,"[0.375, 0.855, 0.135, 0.135]",3.9743589743589745,0.7249587067111487,0.27504129328736193
5.0,"[0.375, 0.855, 0.135, 0.135]",4.0256410256410255,0.725185746368249,0.27481425363174933
5.0,"[0.375, 0.855, 0.135, 0.135]",4.076923076923077,0.724956302589132,0.2750436974107605
5.0,"[0.375, 0.855, 0.135, 0.135]",4.128205128205128,0.7242979982360134,0.27570200176398524
5.0,"[0.375, 0.855, 0.135, 0.135]",4.17948717948718,0.7232620071591195,0.27673799284074724
5.0,"[0.375, 0.855, 0.135, 0.135]",4.230769230769231,0.7219143888859783,0.27808561111402047
5.0,"[0.375, 0.855, 0.135, 0.135]",4.282051282051282,0.7203313550493105,0.2796686449506876
5.0,"[0.375, 0.855, 0.135, 0.135]",4.333333333333333,0.7185953786801915,0.2814046213181437
5.0,"[0.375, 0.855, 0.135, 0.135]",4.384615384615385,0.716789802711201,0.2832101972899475
5.0,"[0.375, 0.855, 0.135, 0.135]",4.435897435897436,0.7149929089101387,0.28500709109313466
5.0,"[0.375, 0.855, 0.135, 0.135]",4.487179487179487,0.7132709851778398,0.28672901482216007
5.0,"[0.375, 0.855, 0.135, 0.135]",4.538461538461538,0.7116735499480092,0.28832645005198915
5.0,"[0.375, 0.855, 0.135, 0.135]",4.589743589743589,0.7102301769083833,0.28976982309161947
5.0,"[0.375, 0.855, 0.135, 0.135]",4.6410256410256405,0.7089503667194604,0.29104963328055067
5.0,"[0.375, 0.855, 0.135, 0.135]",4.6923076923076925,0.7078271354999902,0.29217286450000496
5.0,"[0.375, 0.855, 0.135, 0.135]",4.743589743589744,0.7068406066076499,0.2931593933923537
5.0,"[0.375, 0.855, 0.135, 0.135]",4.794871794871795,0.7059632033822555,0.2940367966177792
5.0,"[0.375, 0.855, 0.135, 0.135]",4.846153846153846,0.7051638000003296,0.294836199999757
5.0,"[0.375, 0.855, 0.135, 0.135]",4.897435897435898,0.7044105762286558,0.2955894237713442
5.0,"[0.375, 0.855, 0.135, 0.135]",4.948717948717949,0.7036723704692328,0.2963276295295343
5.0,"[0.375, 0.855, 0.135, 0.135]",5.0,0.7029185179818416,0.29708148201820234
1.0,"[1.215, 0.135, 1.095, 1.215]",3.0,0.7381595211710016,0.2618404788289848
1.0,"[1.215, 0.135, 1.095, 1.215]",3.051282051282051,0.7410700202998168,0.25892997970018244
1.0,"[1.215, 0.135, 1.095, 1.215]",3.1025641025641026,0.7439212955429158,0.25607870445709663
1.0,"[1.215, 0.135, 1.095, 1.215]",3.1538461538461537,0.7467189776369533,0.25328102236304245
1.0,"[1.215, 0.135, 1.095, 1.215]",3.2051282051282053,0.7494568757478337,0.25054312425216424
1.0,"[1.215, 0.135, 1.095, 1.215]",3.2564102564102564,0.7521248564742261,0.2478751435260298
1.0,"[1.215, 0.135, 1.095, 1.215]",3.3076923076923075,0.7547127824219488,0.245287217578015
1.0,"[1.215, 0.135, 1.095, 1.215]",3.358974358974359,0.7572122937475543,0.24278770625243773
1.0,"[1.215, 0.135, 1.095, 1.215]",3.41025641025641,0.7596176238954996,0.2403823761044992
1.0,"[1.215, 0.135, 1.095, 1.215]",3.4615384615384617,0.761926066887212,0.2380739331129552
1.0,"[1.215, 0.135, 1.095, 1.215]",3.5128205128205128,0.764138773368976,0.23586122663102754
1.0,"[1.215, 0.135, 1.095, 1.215]",3.564102564102564,0.7662615951186551,0.23373840488134087
1.0,"[1.215, 0.135, 1.095, 1.215]",3.6153846153846154,0.7683078216849366,0.23169217831507155
1.0,"[1.215, 0.135, 1.095, 1.215]",3.6666666666666665,0.7703044833250079,0.2296955166750098
1.0,"[1.215, 0.135, 1.095, 1.215]",3.717948717948718,0.7723118201620016,0.227688179837997
1.0,"[1.215, 0.135, 1.095, 1.215]",3.769230769230769,0.774510056422807,0.22548994357719693
1.0,"[1.215, 0.135, 1.095, 1.215]",3.8205128205128203,0.778528397920908,0.22147160207909913
1.0,"[1.215, 0.135, 1.095, 1.215]",3.871794871794872,0.7775536568682317,0.22244634313194833
1.0,"[1.215, 0.135, 1.095, 1.215]",3.923076923076923,0.777997232782124,0.22200276721787895
1.0,"[1.215, 0.135, 1.095, 1.215]",3.9743589743589745,0.7786145274951312,0.2213854725048729
1.0,"[1.215, 0.135, 1.095, 1.215]",4.0256410256410255,0.7791771608641435,0.2208228391358392
1.0,"[1.215, 0.135, 1.095, 1.215]",4.076923076923077,0.7796320676758551,0.22036793232413146
1.0,"[1.215, 0.135, 1.095, 1.215]",4.128205128205128,0.7799811274944233,0.22001887250558852
1.0,"[1.215, 0.135, 1.095, 1.215]",4.17948717948718,0.7802352042129418,0.219764795787059
1.0,"[1.215, 0.135, 1.095, 1.215]",4.230769230769231,0.7804109813703267,0.21958901862968896
1.0,"[1.215, 0.135, 1.095, 1.215]",4.282051282051282,0.7805167755012788,0.21948322449873411
1.0,"[1.215, 0.135, 1.095, 1.215]",4.333333333333333,0.78055963482464,0.21944036517535778
1.0,"[1.215, 0.135, 1.095, 1.215]",4.384615384615385,0.7805448157243776,0.21945518427562344
1.0,"[1.215, 0.135, 1.095, 1.215]",4.435897435897436,0.780477191346072,0.21952280865394083
1.0,"[1.215, 0.135, 1.095, 1.215]",4.487179487179487,0.7803604084627692,0.21963959153736212
1.0,"[1.215, 0.135, 1.095, 1.215]",4.538461538461538,0.780198059379767,0.21980194062023084
1.0,"[1.215, 0.135, 1.095, 1.215]",4.589743589743589,0.7799936260463517,0.22000637395364622
1.0,"[1.215, 0.135, 1.095, 1.215]",4.6410256410256405,0.7797486528492772,0.22025134715074704
1.0,"[1.215, 0.135, 1.095, 1.215]",4.6923076923076925,0.7794678613629766,0.2205321386370319
1.0,"[1.215, 0.135, 1.095, 1.215]",4.743589743589744,0.7791541304822698,0.22084586951775348
1.0,"[1.215, 0.135, 1.095, 1.215]",4.794871794871795,0.7788100119109855,0.22118998808899792
1.0,"[1.215, 0.135, 1.095, 1.215]",4.846153846153846,0.7784381749481317,0.22156182505186964
1.0,"[1.215, 0.135, 1.095, 1.215]",4.897435897435898,0.7780413023155229,0.22195869768447643
1.0,"[1.215, 0.135, 1.095, 1.215]",4.948717948717949,0.7776221041933317,0.2223778958066661
1.0,"[1.215, 0.135, 1.095, 1.215]",5.0,0.7771833680050104,0.22281663199494361
9.0,"[0.975, 0.855, 0.135, 0.375]",3.0,0.7423534302418631,0.2576465697581322
9.0,"[0.975, 0.855, 0.135, 0.375]",3.051282051282051,0.7331382282494655,0.2668617717509502
9.0,"[0.975, 0.855, 0.135, 0.375]",3.1025641025641026,0.7213808673035815,0.2786191326964164
9.0,"[0.975, 0.855, 0.135, 0.375]",3.1538461538461537,0.7122211639064492,0.2877788360935498
9.0,"[0.975, 0.855, 0.135, 0.375]",3.2051282051282053,0.7082667533636902,0.291733246636248
9.0,"[0.975, 0.855, 0.135, 0.375]",3.2564102564102564,0.7101517388603117,0.28984826113968903
9.0,"[0.975, 0.855, 0.135, 0.375]",3.3076923076923075,0.7170357636950775,0.282964236304925
9.0,"[0.975, 0.855, 0.135, 0.375]",3.358974358974359,0.7268120536495949,0.2731879463504328
9.0,"[0.975, 0.855, 0.135, 0.375]",3.41025641025641,0.7364749392448456,0.2635250607551537
9.0,"[0.975, 0.855, 0.135, 0.375]",3.4615384615384617,0.7428636260326549,0.25713637396733346
9.0,"[0.975, 0.855, 0.135, 0.375]",3.5128205128205128,0.7439110819458289,0.256088918054172
9.0,"[0.975, 0.855, 0.135, 0.375]",3.564102564102564,0.739602812197183,0.26039718780281773
9.0,"[0.975, 0.855, 0.135, 0.375]",3.6153846153846154,0.7317562044683461,0.2682437955316523
9.0,"[0.975, 0.855, 0.135, 0.375]",3.6666666666666665,0.7225584282912526,0.27744157170875244
9.0,"[0.975, 0.855, 0.135, 0.375]",3.717948717948718,0.7136089188097379,0.2863910811902588
9.0,"[0.975, 0.855, 0.135, 0.375]",3.769230769230769,0.7062093893205741,0.29379061067942824
9.0,"[0.975, 0.855, 0.135, 0.375]",3.8205128205128203,0.7030228279154883,0.2969771720844643
9.0,"[0.975, 0.855, 0.135, 0.375]",3.871794871794872,0.7003920487105981,0.29960795128939766
9.0,"[0.975, 0.855, 0.135, 0.375]",3.923076923076923,0.7029894477756025,0.29701055222439615
9.0,"[0.975, 0.855, 0.135, 0.375]",3.9743589743589745,0.7100312049270313,0.28996879507296935
9.0,"[0.975, 0.855, 0.135, 0.375]",4.0256410256410255,0.7186731809760054,0.28132681902399326
9.0,"[0.975, 0.855, 0.135, 0.375]",4.076923076923077,0.728483613703352,0.27151638629664676
9.0,"[0.975, 0.855, 0.135, 0.375]",4.128205128205128,0.7370039892358392,0.2629960107641648
9.0,"[0.975, 0.855, 0.135, 0.375]",4.17948717948718,0.7427616340481565,0.25723836595205124
9.0,"[0.975, 0.855, 0.135, 0.375]",4.230769230769231,0.7450949398186472,0.25490506018135106
9.0,"[0.975, 0.855, 0.135, 0.375]",4.282051282051282,0.7440066006299946,0.25599339936995974
9.0,"[0.975, 0.855, 0.135, 0.375]",4.333333333333333,0.7398942416978264,0.2601057583021745
9.0,"[0.975, 0.855, 0.135, 0.375]",4.384615384615385,0.7333502401417328,0.26664975985781036
9.0,"[0.975, 0.855, 0.135, 0.375]",4.435897435897436,0.7250880574257383,0.27491194257425633
9.0,"[0.975, 0.855, 0.135, 0.375]",4.487179487179487,0.715975806089498,0.28402419391049916
9.0,"[0.975, 0.855, 0.135, 0.375]",4.538461538461538,0.7071095211321922,0.29289047886780445
9.0,"[0.975, 0.855, 0.135, 0.375]",4.589743589743589,0.699780241284846,0.30021975871515083
9.0,"[0.975, 0.855, 0.135, 0.375]",4.6410256410256405,0.6951618026461679,0.3048381973538387
9.0,"[0.975, 0.855, 0.135, 0.375]",4.6923076923076925,0.6937875098919937,0.306212490108008
9.0,"[0.975, 0.855, 0.135, 0.375]",4.743589743589744,0.6952693077316391,0.3047306922682063
9.0,"[0.975, 0.855, 0.135, 0.375]",4.794871794871795,0.6985974983660548,0.3014025016338207
9.0,"[0.975, 0.855, 0.135, 0.375]",4.846153846153846,0.7027152148613989,0.2972847851385962
9.0,"[0.975, 0.855, 0.135, 0.375]",4.897435897435898,0.7068701246697978,0.29312987533019935
9.0,"[0.975, 0.855, 0.135, 0.375]",4.948717948717949,0.7106422687200173,0.2893577312799838
9.0,"[0.975, 0.855, 0.135, 0.375]",5.0,0.7138260696512949,0.2861739303487017
3.0,"[0.135, 0.615, 0.615, 0.615]",3.0,0.7028195602665867,0.2971804397336975
3.0,"[0.135, 0.615, 0.615, 0.615]",3.051282051282051,0.7022500485437695,0.2977499514562249
3.0,"[0.135, 0.615, 0.615, 0.615]",3.1025641025641026,0.7022080508488863,0.29779194915111334
3.0,"[0.135, 0.615, 0.615, 0.615]",3.1538461538461537,0.702645050987565,0.29735494901249016
3.0,"[0.135, 0.615, 0.615, 0.615]",3.2051282051282053,0.703492773290126,0.2965072267107404
3.0,"[0.135, 0.615, 0.615, 0.615]",3.2564102564102564,0.7046760487485123,0.29532395125150684
3.0,"[0.135, 0.615, 0.615, 0.615]",3.3076923076923075,0.7061195991467552,0.29388040085331474
3.0,"[0.135, 0.615, 0.615, 0.615]",3.358974358974359,0.7077510089551164,0.2922489910448832
3.0,"[0.135, 0.615, 0.615, 0.615]",3.41025641025641,0.7095018351027955,0.29049816489715086
3.0,"[0.135, 0.615, 0.615, 0.615]",3.4615384615384617,0.7113080852924409,0.2886919147074845
3.0,"[0.135, 0.615, 0.615, 0.615]",3.5128205128205128,0.7131105799405876,0.2868894200594606
3.0,"[0.135, 0.615, 0.615, 0.615]",3.564102564102564,0.7148550502196434,0.2851449497804416
3.0,"[0.135, 0.615, 0.615, 0.615]",3.6153846153846154,0.7164916484149855,0.28350835158501125
3.0,"[0.135, 0.615, 0.615, 0.615]",3.6666666666666665,0.7179725452147961,0.28202745478520647
3.0,"[0.135, 0.615, 0.615, 0.615]",3.717948717948718,0.7192437159496033,0.28075628405035774
3.0,"[0.135, 0.615, 0.615, 0.615]",3.769230769230769,0.7202087026622659,0.27979129733773084
3.0,"[0.135, 0.615, 0.615, 0.615]",3.8205128205128203,0.7238228529695269,0.276177147030473
3.0,"[0.135, 0.615, 0.615, 0.615]",3.871794871794872,0.7238227154639948,0.276177284535999
3.0,"[0.135, 0.615, 0.615, 0.615]",3.923076923076923,0.7245248445587428,0.2754751554412525
3.0,"[0.135, 0.615, 0.615, 0.615]",3.9743589743589745,0.7250844117733019,0.2749155882266866
3.0,"[0.135, 0.615, 0.615, 0.615]",4.0256410256410255,0.7254561820508247,0.27454381794917937
3.0,"[0.135, 0.615, 0.615, 0.615]",4.076923076923077,0.7256383395439586,0.2743616604560417
3.0,"[0.135, 0.615, 0.615, 0.615]",4.128205128205128,0.7256392796682197,0.2743607203317801
3.0,"[0.135, 0.615, 0.615, 0.615]",4.17948717948718,0.7254699277956955,0.274530072204304
3.0,"[0.135, 0.615, 0.615, 0.615]",4.230769230769231,0.725147145174136,0.2748528548258486
3.0,"[0.135, 0.615, 0.615, 0.615]",4.282051282051282,0.7246852868143085,0.27531471318569073
3.0,"[0.135, 0.615, 0.615, 0.615]",4.333333333333333,0.7240998530725156,0.2759001469275006
3.0,"[0.135, 0.615, 0.615, 0.615]",4.384615384615385,0.7234062789289729,0.2765937210710265
3.0,"[0.135, 0.615, 0.615, 0.615]",4.435897435897436,0.7226198140530858,0.27738018594691305
3.0,"[0.135, 0.615, 0.615, 0.615]",4.487179487179487,0.7217549031382863,0.2782450968617159
3.0,"[0.135, 0.615, 0.615, 0.615]",4.538461538461538,0.7208253445077764,0.27917465549222226
3.0,"[0.135, 0.615, 0.615, 0.615]",4.589743589743589,0.7198441005812042,0.28015589941874725
3.0,"[0.135, 0.615, 0.615, 0.615]",4.6410256410256405,0.7188218789776192,0.2811781210223832
3.0,"[0.135, 0.615, 0.615, 0.615]",4.6923076923076925,0.7177708995849553,0.2822291004150435
3.0,"[0.135, 0.615, 0.615, 0.615]",4.743589743589744,0.7167007803895723,0.28329921961038207
3.0,"[0.135, 0.615, 0.615, 0.615]",4.794871794871795,0.715619894882951,0.2843801051170701
3.0,"[0.135, 0.615, 0.615, 0.615]",4.846153846153846,0.7145356212069441,0.28546437879318265
3.0,"[0.135, 0.615, 0.615, 0.615]",4.897435897435898,0.713454253131762,0.28654574686828965
3.0,"[0.135, 0.615, 0.615, 0.615]",4.948717948717949,0.7123810037571507,0.28761899624284953
3.0,"[0.135, 0.615, 0.615, 0.615]",5.0,0.7113200357852663,0.28867996421476244
1.0,"[0.375, 0.855, 0.735, 0.735]",3.0,0.7308367545108754,0.2691632454891223
1.0,"[0.375, 0.855, 0.735, 0.735]",3.051282051282051,0.7317001247988871,0.2682998752011111
1.0,"[0.375, 0.855, 0.735, 0.735]",3.1025641025641026,0.7325495106626659,0.2674504893373325
1.0,"[0.375, 0.855, 0.735, 0.735]",3.1538461538461537,0.7333760855670878,0.266623914432944
1.0,"[0.375, 0.855, 0.735, 0.735]",3.2051282051282053,0.7341716700265439,0.265828329973461
1.0,"[0.375, 0.855, 0.735, 0.735]",3.2564102564102564,0.7349296419707745,0.26507035802922585
1.0,"[0.375, 0.855, 0.735, 0.735]",3.3076923076923075,0.7356450796787458,0.2643549203212548
1.0,"[0.375, 0.855, 0.735, 0.735]",3.358974358974359,0.7363146470713232,0.2636853529286738
1.0,"[0.375, 0.855, 0.735, 0.735]",3.41025641025641,0.7369364196355966,0.2630635803644027
1.0,"[0.375, 0.855, 0.735, 0.735]",3.4615384615384617,0.7375094050630012,0.2624905949369996
1.0,"[0.375, 0.855, 0.735, 0.735]",3.5128205128205128,0.7380345763124059,0.2619654236876325
1.0,"[0.375, 0.855, 0.735, 0.735]",3.564102564102564,0.7385135904691371,0.26148640953089175
1.0,"[0.375, 0.855, 0.735, 0.735]",3.6153846153846154,0.7389496778802181,0.26105032211977924
1.0,"[0.375, 0.855, 0.735, 0.735]",3.6666666666666665,0.7393480308085868,0.2606519691912913
1.0,"[0.375, 0.855, 0.735, 0.735]",3.717948717948718,0.7397207165027926,0.2602792834972072
1.0,"[0.375, 0.855, 0.735, 0.735]",3.769230769230769,0.7400996867214155,0.2599003132785827
1.0,"[0.375, 0.855, 0.735, 0.735]",3.8205128205128203,0.7407922085999386,0.2592077914000609
1.0,"[0.375, 0.855, 0.735, 0.735]",3.871794871794872,0.7406367437119555,0.2593632562880182
1.0,"[0.375, 0.855, 0.735, 0.735]",3.923076923076923,0.7406467616331566,0.25935323836684426
1.0,"[0.375, 0.855, 0.735, 0.735]",3.9743589743589745,0.7406354730597973,0.2593645269402024
1.0,"[0.375, 0.855, 0.735, 0.735]",4.0256410256410255,0.7405956195494173,0.25940438045058484
1.0,"[0.375, 0.855, 0.735, 0.735]",4.076923076923077,0.7405287308181792,0.259471269181842
1.0,"[0.375, 0.855, 0.735, 0.735]",4.128205128205128,0.740436893241331,0.2595631067585947
1.0,"[0.375, 0.855, 0.735, 0.735]",4.17948717948718,0.7403218139139092,0.2596781860860105
1.0,"[0.375, 0.855, 0.735, 0.735]",4.230769230769231,0.7401854293712038,0.25981457062879626
1.0,"[0.375, 0.855, 0.735, 0.735]",4.282051282051282,0.7400291367392046,0.2599708632607907
1.0,"[0.375, 0.855, 0.735, 0.735]",4.333333333333333,0.7398543355567873,0.260145664443158
1.0,"[0.375, 0.855, 0.735, 0.735]",4.384615384615385,0.7396622794938161,0.26033772050618625
1.0,"[0.375, 0.855, 0.735, 0.735]",4.435897435897436,0.7394543777734772,0.26054562222652444
1.0,"[0.375, 0.855, 0.735, 0.735]",4.487179487179487,0.7392317853227812,0.26076821467721994
1.0,"[0.375, 0.855, 0.735, 0.735]",4.538461538461538,0.7389956975351025,0.2610043024648977
1.0,"[0.375, 0.855, 0.735, 0.735]",4.589743589743589,0.738747347330735,0.26125265266922126
1.0,"[0.375, 0.855, 0.735, 0.735]",4.6410256410256405,0.7384873372152622,0.2615126627847406
1.0,"[0.375, 0.855, 0.735, 0.735]",4.6923076923076925,0.7382172623897515,0.26178273761024856
1.0,"[0.375, 0.855, 0.735, 0.735]",4.743589743589744,0.7379380980341014,0.2620619019658972
1.0,"[0.375, 0.855, 0.735, 0.735]",4.794871794871795,0.7376506972620981,0.2623493027382244
1.0,"[0.375, 0.855, 0.735, 0.735]",4.846153846153846,0.7373559153543463,0.26264408464565425
1.0,"[0.375, 0.855, 0.735, 0.735]",4.897435897435898,0.7370545706597208,0.26294542934027126
1.0,"[0.375, 0.855, 0.735, 0.735]",4.948717948717949,0.7367474399222708,0.26325256007768755
1.0,"[0.375, 0.855, 0.735, 0.735]",5.0,0.7364352597395422,0.26356474026046156
10.0,"[0.375, 0.495, 0.615, 0.855]",3.0,0.7125743596442387,0.2874256403557625
10.0,"[0.375, 0.495, 0.615, 0.855]",3.051282051282051,0.7173484700718945,0.2826515299280977
10.0,"[0.375, 0.495, 0.615, 0.855]",3.1025641025641026,0.7267351438698771,0.27326485613012175
10.0,"[0.375, 0.495, 0.615, 0.855]",3.1538461538461537,0.7359928478355984,0.26400715216442944
10.0,"[0.375, 0.495, 0.615, 0.855]",3.2051282051282053,0.7407382213619127,0.2592617786380903
10.0,"[0.375, 0.495, 0.615, 0.855]",3.2564102564102564,0.7389535553907293,0.26104644460932663
10.0,"[0.375, 0.495, 0.615, 0.855]",3.3076923076923075,0.7317535127245458,0.26824648727545125
10.0,"[0.375, 0.495, 0.615, 0.855]",3.358974358974359,0.7222525954449037,0.2777474045551398
10.0,"[0.375, 0.495, 0.615, 0.855]",3.41025641025641,0.7137065276590135,0.2862934723409858
10.0,"[0.375, 0.495, 0.615, 0.855]",3.4615384615384617,0.7083572544325162,0.2916427455674544
10.0,"[0.375, 0.495, 0.615, 0.855]",3.5128205128205128,0.7071763303763443,0.2928236696236503
10.0,"[0.375, 0.495, 0.615, 0.855]",3.564102564102564,0.7100708732095633,0.2899291267904348
10.0,"[0.375, 0.495, 0.615, 0.855]",3.6153846153846154,0.7161322960318951,0.28386770396810335
10.0,"[0.375, 0.495, 0.615, 0.855]",3.6666666666666665,0.7237745721208512,0.2762254278791465
10.0,"[0.375, 0.495, 0.615, 0.855]",3.717948717948718,0.7307840050452581,0.2692159949547401
10.0,"[0.375, 0.495, 0.615, 0.855]",3.769230769230769,0.7350723765742959,0.26492762342566806
10.0,"[0.375, 0.495, 0.615, 0.855]",3.8205128205128203,0.7358604704789554,0.2641395295210543
10.0,"[0.375, 0.495, 0.615, 0.855]",3.871794871794872,0.7325196821724472,0.26748031782755366
10.0,"[0.375, 0.495, 0.615, 0.855]",3.923076923076923,0.7264491374660521,0.2735508625339463
10.0,"[0.375, 0.495, 0.615, 0.855]",3.9743589743589745,0.7191154092890641,0.28088459071093386
10.0,"[0.375, 0.495, 0.615, 0.855]",4.0256410256410255,0.711582272111425,0.2884177278886068
10.0,"[0.375, 0.495, 0.615, 0.855]",4.076923076923077,0.7052942951560393,0.29470570484396463
10.0,"[0.375, 0.495, 0.615, 0.855]",4.128205128205128,0.7011440203192728,0.2988559796805969
10.0,"[0.375, 0.495, 0.615, 0.855]",4.17948717948718,0.6997786277915142,0.3002213722084858
10.0,"[0.375, 0.495, 0.615, 0.855]",4.230769230769231,0.7012879335310829,0.2987120664689957
10.0,"[0.375, 0.495, 0.615, 0.855]",4.282051282051282,0.705140760480278,0.29485923951972404
10.0,"[0.375, 0.495, 0.615, 0.855]",4.333333333333333,0.7104144763628837,0.2895855236371165
10.0,"[0.375, 0.495, 0.615, 0.855]",4.384615384615385,0.7161395374748585,0.2838604625252347
10.0,"[0.375, 0.495, 0.615, 0.855]",4.435897435897436,0.7215102868261954,0.27848971317380244
10.0,"[0.375, 0.495, 0.615, 0.855]",4.487179487179487,0.7259294331741345,0.27407056682587644
10.0,"[0.375, 0.495, 0.615, 0.855]",4.538461538461538,0.7289876388767956,0.27101236112321697
10.0,"[0.375, 0.495, 0.615, 0.855]",4.589743589743589,0.7304444575659622,0.26955554243403623
10.0,"[0.375, 0.495, 0.615, 0.855]",4.6410256410256405,0.7302289928072477,0.2697710071927479
10.0,"[0.375, 0.495, 0.615, 0.855]",4.6923076923076925,0.7284684355971521,0.27153156440284903
10.0,"[0.375, 0.495, 0.615, 0.855]",4.743589743589744,0.725514426115228,0.2744855738847708
10.0,"[0.375, 0.495, 0.615, 0.855]",4.794871794871795,0.7218965943159721,0.27810340568402875
10.0,"[0.375, 0.495, 0.615, 0.855]",4.846153846153846,0.7181277268602362,0.28187227313976365
10.0,"[0.375, 0.495, 0.615, 0.855]",4.897435897435898,0.7145082513943182,0.28549174860569
10.0,"[0.375, 0.495, 0.615, 0.855]",4.948717948717949,0.7111424244356436,0.28885757556435504
10.0,"[0.375, 0.495, 0.615, 0.855]",5.0,0.7080741200321589,0.2919258799678394
2.0,"[0.255, 1.215, 0.375, 1.095]",3.0,0.7700368964651308,0.2299631035348121
2.0,"[0.255, 1.215, 0.375, 1.095]",3.051282051282051,0.7689418819414048,0.23105811805844498
2.0,"[0.255, 1.215, 0.375, 1.095]",3.1025641025641026,0.7670440070319573,0.23295599296804137
2.0,"[0.255, 1.215, 0.375, 1.095]",3.1538461538461537,0.7644635877861449,0.2355364122139084
2.0,"[0.255, 1.215, 0.375, 1.095]",3.2051282051282053,0.761339064546496,0.2386609354532416
2.0,"[0.255, 1.215, 0.375, 1.095]",3.2564102564102564,0.7578073221923844,0.24219267780742604
2.0,"[0.255, 1.215, 0.375, 1.095]",3.3076923076923075,0.7539950207700291,0.24600497922993933
2.0,"[0.255, 1.215, 0.375, 1.095]",3.358974358974359,0.7500146544852024,0.24998534551479837
2.0,"[0.255, 1.215, 0.375, 1.095]",3.41025641025641,0.7459631201065663,0.2540368798938605
2.0,"[0.255, 1.215, 0.375, 1.095]",3.4615384615384617,0.7419216189160271,0.2580783810839997
2.0,"[0.255, 1.215, 0.375, 1.095]",3.5128205128205128,0.7379572014804969,0.26204279851965595
2.0,"[0.255, 1.215, 0.375, 1.095]",3.564102564102564,0.7341232371549289,0.26587676284507783
2.0,"[0.255, 1.215, 0.375, 1.095]",3.6153846153846154,0.7304614629049214,0.2695385370950722
2.0,"[0.255, 1.215, 0.375, 1.095]",3.6666666666666665,0.7270032887130997,0.2729967112869058
2.0,"[0.255, 1.215, 0.375, 1.095]",3.717948717948718,0.7237718421818298,0.2762281578181678
2.0,"[0.255, 1.215, 0.375, 1.095]",3.769230769230769,0.7207881311566277,0.2792118688433843
2.0,"[0.255, 1.215, 0.375, 1.095]",3.8205128205128203,0.7182608192011891,0.28173918079881066
2.0,"[0.255, 1.215, 0.375, 1.095]",3.871794871794872,0.7157908006382522,0.28420919936161165
2.0,"[0.255, 1.215, 0.375, 1.095]",3.923076923076923,0.7136067186164511,0.2863932813835475
2.0,"[0.255, 1.215, 0.375, 1.095]",3.9743589743589745,0.7116879606116344,0.28831203938837197
2.0,"[0.255, 1.215, 0.375, 1.095]",4.0256410256410255,0.7100319794267186,0.2899680205732839
2.0,"[0.255, 1.215, 0.375, 1.095]",4.076923076923077,0.7086304244518988,0.29136957554810217
2.0,"[0.255, 1.215, 0.375, 1.095]",4.128205128205128,0.7074728547525895,0.2925271452474508
2.0,"[0.255, 1.215, 0.375, 1.095]",4.17948717948718,0.7065480853771896,0.2934519146228119
2.0,"[0.255, 1.215, 0.375, 1.095]",4.230769230769231,0.705845064621609,0.29415493537844006
2.0,"[0.255, 1.215, 0.375, 1.095]",4.282051282051282,0.7053511119148201,0.2946488880851777
2.0,"[0.255, 1.215, 0.375, 1.095]",4.333333333333333,0.705053126340943,0.29494687365905564
2.0,"[0.255, 1.215, 0.375, 1.095]",4.384615384615385,0.704937458891941,0.29506254110806807
2.0,"[0.255, 1.215, 0.375, 1.095]",4.435897435897436,0.7049900680405896,0.29500993195940417
2.0,"[0.255, 1.215, 0.375, 1.095]",4.487179487179487,0.7051957978595437,0.29480420214045194
2.0,"[0.255, 1.215, 0.375, 1.095]",4.538461538461538,0.7055402778708487,0.29445972212913957
2.0,"[0.255, 1.215, 0.375, 1.095]",4.589743589743589,0.7060101787984029,0.2939898212015719
2.0,"[0.255, 1.215, 0.375, 1.095]",4.6410256410256405,0.7065901928109546,0.2934098071890434
2.0,"[0.255, 1.215, 0.375, 1.095]",4.6923076923076925,0.7072661017558756,0.29273389824413215
2.0,"[0.255, 1.215, 0.375, 1.095]",4.743589743589744,0.7080235475457484,0.29197645245424186
2.0,"[0.255, 1.215, 0.375, 1.095]",4.794871794871795,0.7088483557534693,0.29115164424653944
2.0,"[0.255, 1.215, 0.375, 1.095]",4.846153846153846,0.7097266086642547,0.2902733913357462
2.0,"[0.255, 1.215, 0.375, 1.095]",4.897435897435898,0.7106446043009239,0.28935539569906316
2.0,"[0.255, 1.215, 0.375, 1.095]",4.948717948717949,0.711588802782578,0.2884111972174099
2.0,"[0.255, 1.215, 0.375, 1.095]",5.0,0.7125457359036064,0.28745426409639435
7.0,"[0.735, 0.855, 0.255, 0.615]",3.0,0.7088148431508082,0.29118515684920626
7.0,"[0.735, 0.855, 0.255, 0.615]",3.051282051282051,0.7167573603384083,0.2832426396615921
7.0,"[0.735, 0.855, 0.255, 0.615]",3.1025641025641026,0.726858784500875,0.27314121549909337
7.0,"[0.735, 0.855, 0.255, 0.615]",3.1538461538461537,0.7363759693898875,0.26362403061011486
7.0,"[0.735, 0.855, 0.255, 0.615]",3.2051282051282053,0.743031886081937,0.25696811391817515
7.0,"[0.735, 0.855, 0.255, 0.615]",3.2564102564102564,0.7455060878583896,0.25449391214160944
7.0,"[0.735, 0.855, 0.255, 0.615]",3.3076923076923075,0.7436094472709521,0.256390552729042
7.0,"[0.735, 0.855, 0.255, 0.615]",3.358974358974359,0.738178653553184,0.26182134644681804
7.0,"[0.735, 0.855, 0.255, 0.615]",3.41025641025641,0.7306995079994543,0.269300492000545
7.0,"[0.735, 0.855, 0.255, 0.615]",3.4615384615384617,0.7227719881720241,0.2772280118276636
7.0,"[0.735, 0.855, 0.255, 0.615]",3.5128205128205128,0.7156962109291223,0.2843037890708774
7.0,"[0.735, 0.855, 0.255, 0.615]",3.564102564102564,0.7102979994643154,0.2897020005356708
7.0,"[0.735, 0.855, 0.255, 0.615]",3.6153846153846154,0.7069221191881192,0.29307788081188113
7.0,"[0.735, 0.855, 0.255, 0.615]",3.6666666666666665,0.7055377246536497,0.2944622753465122
7.0,"[0.735, 0.855, 0.255, 0.615]",3.717948717948718,0.7059127379084355,0.29408726209163855
7.0,"[0.735, 0.855, 0.255, 0.615]",3.769230769230769,0.708196949585996,0.29180305041402077
7.0,"[0.735, 0.855, 0.255, 0.615]",3.8205128205128203,0.7131563596766246,0.2868436403234373
7.0,"[0.735, 0.855, 0.255, 0.615]",3.871794871794872,0.7172981183251118,0.2827018816748883
7.0,"[0.735, 0.855, 0.255, 0.615]",3.923076923076923,0.7218264528874079,0.2781735471125765
7.0,"[0.735, 0.855, 0.255, 0.615]",3.9743589743589745,0.7267145886500834,0.27328541134988565
7.0,"[0.735, 0.855, 0.255, 0.615]",4.0256410256410255,0.7306816483081799,0.26931835169181845
7.0,"[0.735, 0.855, 0.255, 0.615]",4.076923076923077,0.7339272583266367,0.26607274167334677
7.0,"[0.735, 0.855, 0.255, 0.615]",4.128205128205128,0.7361281531405428,0.26387184685945936
7.0,"[0.735, 0.855, 0.255, 0.615]",4.17948717948718,0.7371417283173199,0.26285827168267945
7.0,"[0.735, 0.855, 0.255, 0.615]",4.230769230769231,0.7369400730846886,0.26305992691530916
7.0,"[0.735, 0.855, 0.255, 0.615]",4.282051282051282,0.7355961941910594,0.2644038058090137
7.0,"[0.735, 0.855, 0.255, 0.615]",4.333333333333333,0.733264321556557,0.2667356784434409
7.0,"[0.735, 0.855, 0.255, 0.615]",4.384615384615385,0.7301523035261611,0.2698476964738384
7.0,"[0.735, 0.855, 0.255, 0.615]",4.435897435897436,0.7264929600446588,0.2735070399553349
7.0,"[0.735, 0.855, 0.255, 0.615]",4.487179487179487,0.7225186342582406,0.277481365741796
7.0,"[0.735, 0.855, 0.255, 0.615]",4.538461538461538,0.7184436858750993,0.2815563141248768
7.0,"[0.735, 0.855, 0.255, 0.615]",4.589743589743589,0.7144540104877626,0.2855459895122121
7.0,"[0.735, 0.855, 0.255, 0.615]",4.6410256410256405,0.7107015731137026,0.2892984268862867
7.0,"[0.735, 0.855, 0.255, 0.615]",4.6923076923076925,0.7073054776709554,0.29269452232904186
7.0,"[0.735, 0.855, 0.255, 0.615]",4.743589743589744,0.7043536247895901,0.2956463752104065
7.0,"[0.735, 0.855, 0.255, 0.615]",4.794871794871795,0.7019129904398024,0.29808700955992407
7.0,"[0.735, 0.855, 0.255, 0.615]",4.846153846153846,0.7000474189440294,0.2999525810559672
7.0,"[0.735, 0.855, 0.255, 0.615]",4.897435897435898,0.6988441077067952,0.30115589229316164
7.0,"[0.735, 0.855, 0.255, 0.615]",4.948717948717949,0.698439315102707,0.30156068489731364
7.0,"[0.735, 0.855, 0.255, 0.615]",5.0,0.6990106770375094,0.30098932296249
8.0,"[1.095, 0.135, 0.495, 0.255]",3.0,0.7652527716063374,0.23474722839368725
8.0,"[1.095, 0.135, 0.495, 0.255]",3.051282051282051,0.7727152521970921,0.2272847478028919
8.0,"[1.095, 0.135, 0.495, 0.255]",3.1025641025641026,0.7718197277335249,0.2281802722664585
8.0,"[1.095, 0.135, 0.495, 0.255]",3.1538461538461537,0.763301534128804,0.23669846587373777
8.0,"[1.095, 0.135, 0.495, 0.255]",3.2051282051282053,0.7513421245564689,0.24865787544353327
8.0,"[1.095, 0.135, 0.495, 0.255]",3.2564102564102564,0.7403662489681921,0.2596337510319268
8.0,"[1.095, 0.135, 0.495, 0.255]",3.3076923076923075,0.7328655743211722,0.2671344256788333
8.0,"[1.095, 0.135, 0.495, 0.255]",3.358974358974359,0.7295048947332125,0.27049510526678117
8.0,"[1.095, 0.135, 0.495, 0.255]",3.41025641025641,0.7300665040510423,0.26993349594895066
8.0,"[1.095, 0.135, 0.495, 0.255]",3.4615384615384617,0.733845115488172,0.2661548845115651
8.0,"[1.095, 0.135, 0.495, 0.255]",3.5128205128205128,0.7395262630548173,0.2604737369451711
8.0,"[1.095, 0.135, 0.495, 0.255]",3.564102564102564,0.7455757950287653,0.25442420497123885
8.0,"[1.095, 0.135, 0.495, 0.255]",3.6153846153846154,0.7507580078277319,0.2492419921722514
8.0,"[1.095, 0.135, 0.495, 0.255]",3.6666666666666665,0.7540594004699627,0.24594059953003458
8.0,"[1.095, 0.135, 0.495, 0.255]",3.717948717948718,0.7545812678410281,0.24541873215896584
8.0,"[1.095, 0.135, 0.495, 0.255]",3.769230769230769,0.7524094441019477,0.24759055589804682
8.0,"[1.095, 0.135, 0.495, 0.255]",3.8205128205128203,0.7499090101727887,0.25009098982725403
8.0,"[1.095, 0.135, 0.495, 0.255]",3.871794871794872,0.7477932513946732,0.25220674860532505
8.0,"[1.095, 0.135, 0.495, 0.255]",3.923076923076923,0.7373888985032522,0.2626111014967461
8.0,"[1.095, 0.135, 0.495, 0.255]",3.9743589743589745,0.7307023763972602,0.26929762360280435
8.0,"[1.095, 0.135, 0.495, 0.255]",4.0256410256410255,0.7254494421406863,0.2745505578588398
8.0,"[1.095, 0.135, 0.495, 0.255]",4.076923076923077,0.7206055362152517,0.2793944637850025
8.0,"[1.095, 0.135, 0.495, 0.255]",4.128205128205128,0.7165754434382465,0.28342455656174753
8.0,"[1.095, 0.135, 0.495, 0.255]",4.17948717948718,0.7136308785488278,0.2863691214511167
8.0,"[1.095, 0.135, 0.495, 0.255]",4.230769230769231,0.7119463824161305,0.28805361758387343
8.0,"[1.095, 0.135, 0.495, 0.255]",4.282051282051282,0.7116349999087531,0.2883650000912374
8.0,"[1.095, 0.135, 0.495, 0.255]",4.333333333333333,0.71275214595752,0.28724785404247805
8.0,"[1.095, 0.135, 0.495, 0.255]",4.384615384615385,0.7152509180517737,0.2847490819482254
8.0,"[1.095, 0.135, 0.495, 0.255]",4.435897435897436,0.7189057330662489,0.28109426693375106
8.0,"[1.095, 0.135, 0.495, 0.255]",4.487179487179487,0.7232656799970089,0.27673432000298925
8.0,"[1.095, 0.135, 0.495, 0.255]",4.538461538461538,0.727723893156535,0.272276106843194
8.0,"[1.095, 0.135, 0.495, 0.255]",4.589743589743589,0.7316797520691113,0.26832024793089027
8.0,"[1.095, 0.135, 0.495, 0.255]",4.6410256410256405,0.7346885313616953,0.2653114686382995
8.0,"[1.095, 0.135, 0.495, 0.255]",4.6923076923076925,0.7365176671414406,0.263482332858554
8.0,"[1.095, 0.135, 0.495, 0.255]",4.743589743589744,0.7371132944937815,0.26288670550622045
8.0,"[1.095, 0.135, 0.495, 0.255]",4.794871794871795,0.7365318830658585,0.2634681169341411
8.0,"[1.095, 0.135, 0.495, 0.255]",4.846153846153846,0.7348776017622638,0.26512239823774136
8.0,"[1.095, 0.135, 0.495, 0.255]",4.897435897435898,0.7322600651881799,0.26773993481180247
8.0,"[1.095, 0.135, 0.495, 0.255]",4.948717948717949,0.7287755074067953,0.27122449259328635
8.0,"[1.095, 0.135, 0.495, 0.255]",5.0,0.7245213196394811,0.2754786803605647
7.0,"[1.095, 0.855, 0.375, 0.975]",3.0,0.7170511824305581,0.28294881756944495
7.0,"[1.095, 0.855, 0.375, 0.975]",3.051282051282051,0.7099323589839288,0.29006764101608523
7.0,"[1.095, 0.855, 0.375, 0.975]",3.1025641025641026,0.7115291735518673,0.2884708264481335
7.0,"[1.095, 0.855, 0.375, 0.975]",3.1538461538461537,0.7210741438411645,0.2789258561588457
7.0,"[1.095, 0.855, 0.375, 0.975]",3.2051282051282053,0.7355209196353966,0.2644790803646033
7.0,"[1.095, 0.855, 0.375, 0.975]",3.2564102564102564,0.750625737622558,0.24937426237744223
7.0,"[1.095, 0.855, 0.375, 0.975]",3.3076923076923075,0.7624075317857594,0.237592468214252
7.0,"[1.095, 0.855, 0.375, 0.975]",3.358974358974359,0.7681359520204537,0.23186404797955884
7.0,"[1.095, 0.855, 0.375, 0.975]",3.41025641025641,0.7667723521075389,0.23322764789245826
7.0,"[1.095, 0.855, 0.375, 0.975]",3.4615384615384617,0.7591762266138963,0.24082377338608876
7.0,"[1.095, 0.855, 0.375, 0.975]",3.5128205128205128,0.7479021681645581,0.25209783183544265
7.0,"[1.095, 0.855, 0.375, 0.975]",3.564102564102564,0.7357975351873688,0.26420246481263093
7.0,"[1.095, 0.855, 0.375, 0.975]",3.6153846153846154,0.7246866483844625,0.2753133516155341
7.0,"[1.095, 0.855, 0.375, 0.975]",3.6666666666666665,0.7155182644389203,0.2844817355610693
7.0,"[1.095, 0.855, 0.375, 0.975]",3.717948717948718,0.7087282013517542,0.2912717986482516
7.0,"[1.095, 0.855, 0.375, 0.975]",3.769230769230769,0.7043537252992609,0.295646274700724
7.0,"[1.095, 0.855, 0.375, 0.975]",3.8205128205128203,0.7219022593962894,0.2780977406037155
7.0,"[1.095, 0.855, 0.375, 0.975]",3.871794871794872,0.7149249867102737,0.2850750132897214
7.0,"[1.095, 0.855, 0.375, 0.975]",3.923076923076923,0.7203748535427149,0.2796251464572819
7.0,"[1.095, 0.855, 0.375, 0.975]",3.9743589743589745,0.7282782086623105,0.2717217913376932
7.0,"[1.095, 0.855, 0.375, 0.975]",4.0256410256410255,0.7331628290783135,0.2668371709216789
7.0,"[1.095, 0.855, 0.375, 0.975]",4.076923076923077,0.7406140603781401,0.259385939621861
7.0,"[1.095, 0.855, 0.375, 0.975]",4.128205128205128,0.7466150498275924,0.25338495017241053
7.0,"[1.095, 0.855, 0.375, 0.975]",4.17948717948718,0.7531069309440033,0.24689306905599212
7.0,"[1.095, 0.855, 0.375, 0.975]",4.230769230769231,0.758113567940436,0.2418864320595962
7.0,"[1.095, 0.855, 0.375, 0.975]",4.282051282051282,0.7611175335873915,0.23888246641260355
7.0,"[1.095, 0.855, 0.375, 0.975]",4.333333333333333,0.761952246087432,0.23804775391263253
7.0,"[1.095, 0.855, 0.375, 0.975]",4.384615384615385,0.7606818038886141,0.23931819611138708
7.0,"[1.095, 0.855, 0.375, 0.975]",4.435897435897436,0.7575455259551755,0.24245447404482143
7.0,"[1.095, 0.855, 0.375, 0.975]",4.487179487179487,0.7528958765975619,0.24710412340242324
7.0,"[1.095, 0.855, 0.375, 0.975]",4.538461538461538,0.7471449642131519,0.2528550357868799
7.0,"[1.095, 0.855, 0.375, 0.975]",4.589743589743589,0.7407194909792832,0.2592805090207151
7.0,"[1.095, 0.855, 0.375, 0.975]",4.6410256410256405,0.7340258298643858,0.265974170135613
7.0,"[1.095, 0.855, 0.375, 0.975]",4.6923076923076925,0.7274266904106731,0.27257330958934084
7.0,"[1.095, 0.855, 0.375, 0.975]",4.743589743589744,0.7212258418716273,0.2787741581283724
7.0,"[1.095, 0.855, 0.375, 0.975]",4.794871794871795,0.7156610268398811,0.28433897316011897
7.0,"[1.095, 0.855, 0.375, 0.975]",4.846153846153846,0.7109030696151848,0.289096930384813
7.0,"[1.095, 0.855, 0.375, 0.975]",4.897435897435898,0.7070596038335797,0.2929403961664387
7.0,"[1.095, 0.855, 0.375, 0.975]",4.948717948717949,0.7041829021835754,0.2958170978164279
7.0,"[1.095, 0.855, 0.375, 0.975]",5.0,0.7022825066124031,0.2977174933876105
7.0,"[1.215, 0.855, 1.215, 1.095]",3.0,0.7659610544347786,0.23403894556522162
7.0,"[1.215, 0.855, 1.215, 1.095]",3.051282051282051,0.7412577705379079,0.2587422294620923
7.0,"[1.215, 0.855, 1.215, 1.095]",3.1025641025641026,0.7217894726290582,0.27821052737094054
7.0,"[1.215, 0.855, 1.215, 1.095]",3.1538461538461537,0.7115452085447128,0.2884547914552863
7.0,"[1.215, 0.855, 1.215, 1.095]",3.2051282051282053,0.7117835306448181,0.2882164693551777
7.0,"[1.215, 0.855, 1.215, 1.095]",3.2564102564102564,0.7217182682838724,0.27828173171612913
7.0,"[1.215, 0.855, 1.215, 1.095]",3.3076923076923075,0.7389391418429819,0.26106085815703767
7.0,"[1.215, 0.855, 1.215, 1.095]",3.358974358974359,0.7597278967207343,0.24027210327925994
7.0,"[1.215, 0.855, 1.215, 1.095]",3.41025641025641,0.7795957568813328,0.2204042431186661
7.0,"[1.215, 0.855, 1.215, 1.095]",3.4615384615384617,0.7942185870448292,0.2057814129551695
7.0,"[1.215, 0.855, 1.215, 1.095]",3.5128205128205128,0.8005866584602084,0.19941334153978982
7.0,"[1.215, 0.855, 1.215, 1.095]",3.564102564102564,0.797837560782157,0.20216243921785196
7.0,"[1.215, 0.855, 1.215, 1.095]",3.6153846153846154,0.7873229669113879,0.21267703308861136
7.0,"[1.215, 0.855, 1.215, 1.095]",3.6666666666666665,0.7718501552211462,0.2281498447788492
7.0,"[1.215, 0.855, 1.215, 1.095]",3.717948717948718,0.7545350955616903,0.24546490443831234
7.0,"[1.215, 0.855, 1.215, 1.095]",3.769230769230769,0.7380487225490252,0.26195127745096836
7.0,"[1.215, 0.855, 1.215, 1.095]",3.8205128205128203,0.7243589396277029,0.2756410603722956
7.0,"[1.215, 0.855, 1.215, 1.095]",3.871794871794872,0.7144359055621617,0.2855640944378389
7.0,"[1.215, 0.855, 1.215, 1.095]",3.923076923076923,0.7097774716176395,0.2902225283823619
7.0,"[1.215, 0.855, 1.215, 1.095]",3.9743589743589745,0.7083008085567759,0.2916991914432334
7.0,"[1.215, 0.855, 1.215, 1.095]",4.0256410256410255,0.7115322285240481,0.28846777147595304
7.0,"[1.215, 0.855, 1.215, 1.095]",4.076923076923077,0.718410318154153,0.2815896818458474
7.0,"[1.215, 0.855, 1.215, 1.095]",4.128205128205128,0.7280758879347028,0.27192411206529815
7.0,"[1.215, 0.855, 1.215, 1.095]",4.17948717948718,0.7396768258550549,0.2603231741449464
7.0,"[1.215, 0.855, 1.215, 1.095]",4.230769230769231,0.7520752601585745,0.24792473984142316
7.0,"[1.215, 0.855, 1.215, 1.095]",4.282051282051282,0.764105461135487,0.23589453886451253
7.0,"[1.215, 0.855, 1.215, 1.095]",4.333333333333333,0.7751876980777894,0.22481230192220797
7.0,"[1.215, 0.855, 1.215, 1.095]",4.384615384615385,0.7842431791216506,0.21575682087834744
7.0,"[1.215, 0.855, 1.215, 1.095]",4.435897435897436,0.7905434504783092,0.20945654952169082
7.0,"[1.215, 0.855, 1.215, 1.095]",4.487179487179487,0.7936837215526533,0.20631627844734426
7.0,"[1.215, 0.855, 1.215, 1.095]",4.538461538461538,0.7935786816124186,0.20642131838759128
7.0,"[1.215, 0.855, 1.215, 1.095]",4.589743589743589,0.7904340002838253,0.2095659997161727
7.0,"[1.215, 0.855, 1.215, 1.095]",4.6410256410256405,0.7846803420093889,0.21531965799061217
7.0,"[1.215, 0.855, 1.215, 1.095]",4.6923076923076925,0.7768974602032622,0.22310253979672565
7.0,"[1.215, 0.855, 1.215, 1.095]",4.743589743589744,0.7677285137279865,0.23227148627201077
7.0,"[1.215, 0.855, 1.215, 1.095]",4.794871794871795,0.7578136907317742,0.24218630926822407
7.0,"[1.215, 0.855, 1.215, 1.095]",4.846153846153846,0.7477405432801715,0.25225945671983235
7.0,"[1.215, 0.855, 1.215, 1.095]",4.897435897435898,0.7380133864118555,0.2619866135881237
7.0,"[1.215, 0.855, 1.215, 1.095]",4.948717948717949,0.7290394163229852,0.27096058367702
7.0,"[1.215, 0.855, 1.215, 1.095]",5.0,0.7211266374278562,0.2788733625721394
10.0,"[0.495, 0.135, 0.735, 0.615]",3.0,0.7093350451996517,0.2906649548003016
10.0,"[0.495, 0.135, 0.735, 0.615]",3.051282051282051,0.715573832430259,0.2844261675699263
10.0,"[0.495, 0.135, 0.735, 0.615]",3.1025641025641026,0.7237349197086793,0.2762650802912885
10.0,"[0.495, 0.135, 0.735, 0.615]",3.1538461538461537,0.7298143465425749,0.2701856534574223
10.0,"[0.495, 0.135, 0.735, 0.615]",3.2051282051282053,0.7310217154606777,0.268978284539319
10.0,"[0.495, 0.135, 0.735, 0.615]",3.2564102564102564,0.7270579772705394,0.27294202272946105
10.0,"[0.495, 0.135, 0.735, 0.615]",3.3076923076923075,0.719817579025419,0.2801824209745793
10.0,"[0.495, 0.135, 0.735, 0.615]",3.358974358974359,0.7121643980567506,0.28783560194324725
10.0,"[0.495, 0.135, 0.735, 0.615]",3.41025641025641,0.7065400873737174,0.29345991262628063
10.0,"[0.495, 0.135, 0.735, 0.615]",3.4615384615384617,0.7041190022933962,0.2958809977063724
10.0,"[0.495, 0.135, 0.735, 0.615]",3.5128205128205128,0.7051970006460129,0.2948029993539683
10.0,"[0.495, 0.135, 0.735, 0.615]",3.564102564102564,0.7094218007983593,0.2905781992016274
10.0,"[0.495, 0.135, 0.735, 0.615]",3.6153846153846154,0.7156337717981907,0.2843662282018016
10.0,"[0.495, 0.135, 0.735, 0.615]",3.6666666666666665,0.7220605671821745,0.2779394328178271
10.0,"[0.495, 0.135, 0.735, 0.615]",3.717948717948718,0.7267525331216852,0.2732474668782701
10.0,"[0.495, 0.135, 0.735, 0.615]",3.769230769230769,0.7283849536700835,0.27161504632991457
10.0,"[0.495, 0.135, 0.735, 0.615]",3.8205128205128203,0.7272247553486434,0.2727752446513575
10.0,"[0.495, 0.135, 0.735, 0.615]",3.871794871794872,0.7227078663400354,0.2772921336599361
10.0,"[0.495, 0.135, 0.735, 0.615]",3.923076923076923,0.7168139418744642,0.28318605812553377
10.0,"[0.495, 0.135, 0.735, 0.615]",3.9743589743589745,0.7106357496746663,0.2893642503253326
10.0,"[0.495, 0.135, 0.735, 0.615]",4.0256410256410255,0.7050323854805278,0.29496761451939796
10.0,"[0.495, 0.135, 0.735, 0.615]",4.076923076923077,0.701079798382686,0.29892020161731686
10.0,"[0.495, 0.135, 0.735, 0.615]",4.128205128205128,0.6994007210307794,0.30059927896922106
10.0,"[0.495, 0.135, 0.735, 0.615]",4.17948717948718,0.7001358305938684,0.2998641694061932
10.0,"[0.495, 0.135, 0.735, 0.615]",4.230769230769231,0.7029008855811496,0.2970991144187288
10.0,"[0.495, 0.135, 0.735, 0.615]",4.282051282051282,0.7069631143446183,0.2930368856553782
10.0,"[0.495, 0.135, 0.735, 0.615]",4.333333333333333,0.7115262285872946,0.2884737714127042
10.0,"[0.495, 0.135, 0.735, 0.615]",4.384615384615385,0.7159177976927454,0.28408220230724907
10.0,"[0.495, 0.135, 0.735, 0.615]",4.435897435897436,0.7196402287779364,0.28035977122206374
10.0,"[0.495, 0.135, 0.735, 0.615]",4.487179487179487,0.7223524694441923,0.2776475305558415
10.0,"[0.495, 0.135, 0.735, 0.615]",4.538461538461538,0.7238480641159017,0.2761519358840974
10.0,"[0.495, 0.135, 0.735, 0.615]",4.589743589743589,0.7240515412355225,0.27594845876447766
10.0,"[0.495, 0.135, 0.735, 0.615]",4.6410256410256405,0.7230338569960819,0.2769661430040996
10.0,"[0.495, 0.135, 0.735, 0.615]",4.6923076923076925,0.7210315325925811,0.27896846740746245
10.0,"[0.495, 0.135, 0.735, 0.615]",4.743589743589744,0.7184090012457149,0.28159099875428545
10.0,"[0.495, 0.135, 0.735, 0.615]",4.794871794871795,0.7155377302446981,0.28446226975529953
10.0,"[0.495, 0.135, 0.735, 0.615]",4.846153846153846,0.7126678668000412,0.28733213319995954
10.0,"[0.495, 0.135, 0.735, 0.615]",4.897435897435898,0.7099152579114363,0.29008474208856183
10.0,"[0.495, 0.135, 0.735, 0.615]",4.948717948717949,0.707334211225678,0.2926657887744674
10.0,"[0.495, 0.135, 0.735, 0.615]",5.0,0.7049670943738351,0.29503290562616374
3.0,"[0.135, 0.255, 0.615, 0.615]",3.0,0.7002936056875819,0.2997063943122084
3.0,"[0.135, 0.255, 0.615, 0.615]",3.051282051282051,0.6995035465077907,0.30049645349219983
3.0,"[0.135, 0.255, 0.615, 0.615]",3.1025641025641026,0.6991738379360286,0.30082616206396684
3.0,"[0.135, 0.255, 0.615, 0.615]",3.1538461538461537,0.6992936526854623,0.3007063473145374
3.0,"[0.135, 0.255, 0.615, 0.615]",3.2051282051282053,0.6998299423857781,0.30017005761424265
3.0,"[0.135, 0.255, 0.615, 0.615]",3.2564102564102564,0.7007335598249355,0.29926644017506515
3.0,"[0.135, 0.255, 0.615, 0.615]",3.3076923076923075,0.7019442294093188,0.29805577059067967
3.0,"[0.135, 0.255, 0.615, 0.615]",3.358974358974359,0.703394930387227,0.2966050696127726
3.0,"[0.135, 0.255, 0.615, 0.615]",3.41025641025641,0.7050158851979024,0.29498411480209746
3.0,"[0.135, 0.255, 0.615, 0.615]",3.4615384615384617,0.7067381114105087,0.29326188858948726
3.0,"[0.135, 0.255, 0.615, 0.615]",3.5128205128205128,0.7084965858013919,0.29150341419864884
3.0,"[0.135, 0.255, 0.615, 0.615]",3.564102564102564,0.7102325487501031,0.2897674512496286
3.0,"[0.135, 0.255, 0.615, 0.615]",3.6153846153846154,0.7118952475799036,0.2881047524197767
3.0,"[0.135, 0.255, 0.615, 0.615]",3.6666666666666665,0.7134428385873294,0.2865571614126787
3.0,"[0.135, 0.255, 0.615, 0.615]",3.717948717948718,0.7148425894738597,0.285157410526142
3.0,"[0.135, 0.255, 0.615, 0.615]",3.769230769230769,0.7160704529504462,0.2839295470495598
3.0,"[0.135, 0.255, 0.615, 0.615]",3.8205128205128203,0.7171611490325337,0.2828388509674549
3.0,"[0.135, 0.255, 0.615, 0.615]",3.871794871794872,0.7180190952088155,0.28198090479120413
3.0,"[0.135, 0.255, 0.615, 0.615]",3.923076923076923,0.7186869990454483,0.2813130009545542
3.0,"[0.135, 0.255, 0.615, 0.615]",3.9743589743589745,0.7191650766236051,0.2808349233763926
3.0,"[0.135, 0.255, 0.615, 0.615]",4.0256410256410255,0.7194606141418061,0.2805393858581948
3.0,"[0.135, 0.255, 0.615, 0.615]",4.076923076923077,0.7195838138326373,0.2804161861683338
3.0,"[0.135, 0.255, 0.615, 0.615]",4.128205128205128,0.7195467458005796,0.28045325420016465
3.0,"[0.135, 0.255, 0.615, 0.615]",4.17948717948718,0.7193614694666169,0.2806385305333846
3.0,"[0.135, 0.255, 0.615, 0.615]",4.230769230769231,0.719043732831391,0.28095626716860866
3.0,"[0.135, 0.255, 0.615, 0.615]",4.282051282051282,0.7186066220704055,0.2813933779295944
3.0,"[0.135, 0.255, 0.615, 0.615]",4.333333333333333,0.7180634816500711,0.28193651834992534
3.0,"[0.135, 0.255, 0.615, 0.615]",4.384615384615385,0.7174270908445902,0.28257290915539957
3.0,"[0.135, 0.255, 0.615, 0.615]",4.435897435897436,0.7167094796360272,0.2832905203640907
3.0,"[0.135, 0.255, 0.615, 0.615]",4.487179487179487,0.7159215642715253,0.2840784357284765
3.0,"[0.135, 0.255, 0.615, 0.615]",4.538461538461538,0.7150737078350594,0.2849262921649394
3.0,"[0.135, 0.255, 0.615, 0.615]",4.589743589743589,0.7141753138126721,0.2858246861875876
3.0,"[0.135, 0.255, 0.615, 0.615]",4.6410256410256405,0.7132337552303313,0.28676624476966867
3.0,"[0.135, 0.255, 0.615, 0.615]",4.6923076923076925,0.712257326795622,0.28774267320405206
3.0,"[0.135, 0.255, 0.615, 0.615]",4.743589743589744,0.711252423219309,0.28874757678068996
3.0,"[0.135, 0.255, 0.615, 0.615]",4.794871794871795,0.7102245475760163,0.289775452423979
3.0,"[0.135, 0.255, 0.615, 0.615]",4.846153846153846,0.7091785938938925,0.29082140610610213
3.0,"[0.135, 0.255, 0.615, 0.615]",4.897435897435898,0.7081189169530627,0.291881083046561
3.0,"[0.135, 0.255, 0.615, 0.615]",4.948717948717949,0.7070495225869089,0.29295047741309216
3.0,"[0.135, 0.255, 0.615, 0.615]",5.0,0.7059743813333504,0.29402561866664806
10.0,"[0.135, 0.255, 0.375, 0.495]",3.0,0.7064639756859632,0.2935360243136154
10.0,"[0.135, 0.255, 0.375, 0.495]",3.051282051282051,0.709565327228022,0.2904346727724202
10.0,"[0.135, 0.255, 0.375, 0.495]",3.1025641025641026,0.7113051792019967,0.2886948207980062
10.0,"[0.135, 0.255, 0.375, 0.495]",3.1538461538461537,0.7109607867655019,0.28903921323449866
10.0,"[0.135, 0.255, 0.375, 0.495]",3.2051282051282053,0.7088054568264189,0.29119454317359444
10.0,"[0.135, 0.255, 0.375, 0.495]",3.2564102564102564,0.7057912940567246,0.2942087059432862
10.0,"[0.135, 0.255, 0.375, 0.495]",3.3076923076923075,0.7030129132117364,0.29698708678834135
10.0,"[0.135, 0.255, 0.375, 0.495]",3.358974358974359,0.7013155563099126,0.2986844436900809
10.0,"[0.135, 0.255, 0.375, 0.495]",3.41025641025641,0.7011219370383129,0.2988780629615953
10.0,"[0.135, 0.255, 0.375, 0.495]",3.4615384615384617,0.7023981171813761,0.2976018828186212
10.0,"[0.135, 0.255, 0.375, 0.495]",3.5128205128205128,0.7047036476847471,0.29529635231525203
10.0,"[0.135, 0.255, 0.375, 0.495]",3.564102564102564,0.7073237025463851,0.29267629745361523
10.0,"[0.135, 0.255, 0.375, 0.495]",3.6153846153846154,0.7094836531836383,0.29051634681636074
10.0,"[0.135, 0.255, 0.375, 0.495]",3.6666666666666665,0.710624948695453,0.2893750513046472
10.0,"[0.135, 0.255, 0.375, 0.495]",3.717948717948718,0.7105409851697415,0.2894590148298939
10.0,"[0.135, 0.255, 0.375, 0.495]",3.769230769230769,0.7093299801811355,0.29067001981886503
10.0,"[0.135, 0.255, 0.375, 0.495]",3.8205128205128203,0.7073523812558794,0.29264761874428663
10.0,"[0.135, 0.255, 0.375, 0.495]",3.871794871794872,0.7049668844917518,0.2950331155082459
10.0,"[0.135, 0.255, 0.375, 0.495]",3.923076923076923,0.7027594815632043,0.29724051843679505
10.0,"[0.135, 0.255, 0.375, 0.495]",3.9743589743589745,0.7010560450226774,0.2989439549773084
10.0,"[0.135, 0.255, 0.375, 0.495]",4.0256410256410255,0.7001518424871924,0.29984815751280575
10.0,"[0.135, 0.255, 0.375, 0.495]",4.076923076923077,0.7001434393129604,0.2998565606871032
10.0,"[0.135, 0.255, 0.375, 0.495]",4.128205128205128,0.7009390521523402,0.2990609478472274
10.0,"[0.135, 0.255, 0.375, 0.495]",4.17948717948718,0.7023127381945803,0.2976872618054202
10.0,"[0.135, 0.255, 0.375, 0.495]",4.230769230769231,0.7039903071921326,0.29600969280849243
10.0,"[0.135, 0.255, 0.375, 0.495]",4.282051282051282,0.7057080395903925,0.2942919604096064
10.0,"[0.135, 0.255, 0.375, 0.495]",4.333333333333333,0.7072502717597189,0.2927497282402775
10.0,"[0.135, 0.255, 0.375, 0.495]",4.384615384615385,0.7084588318942913,0.29154116810570085
10.0,"[0.135, 0.255, 0.375, 0.495]",4.435897435897436,0.7092327294402486,0.29076727055975415
10.0,"[0.135, 0.255, 0.375, 0.495]",4.487179487179487,0.7095262857682834,0.29047371423188084
10.0,"[0.135, 0.255, 0.375, 0.495]",4.538461538461538,0.709348489643689,0.29065151035555775
10.0,"[0.135, 0.255, 0.375, 0.495]",4.589743589743589,0.7087594305143987,0.29124056948560284
10.0,"[0.135, 0.255, 0.375, 0.495]",4.6410256410256405,0.7078569204484484,0.2921430795515503
10.0,"[0.135, 0.255, 0.375, 0.495]",4.6923076923076925,0.7067552719765937,0.29324472802321727
10.0,"[0.135, 0.255, 0.375, 0.495]",4.743589743589744,0.7055585751989488,0.29444142480158775
10.0,"[0.135, 0.255, 0.375, 0.495]",4.794871794871795,0.7043476136515316,0.29565238634802543
10.0,"[0.135, 0.255, 0.375, 0.495]",4.846153846153846,0.7031800315247945,0.2968199684752039
10.0,"[0.135, 0.255, 0.375, 0.495]",4.897435897435898,0.7020973694724177,0.29790263052719773
10.0,"[0.135, 0.255, 0.375, 0.495]",4.948717948717949,0.7011344857518863,0.298865514248085
10.0,"[0.135, 0.255, 0.375, 0.495]",5.0,0.7003340122293434,0.2996659877706569
10.0,"[0.255, 0.735, 0.975, 0.975]",3.0,0.7275722796872447,0.2724277203127527
10.0,"[0.255, 0.735, 0.975, 0.975]",3.051282051282051,0.7123889184247079,0.28761108157530096
10.0,"[0.255, 0.735, 0.975, 0.975]",3.1025641025641026,0.7074379117424586,0.2925620882575803
10.0,"[0.255, 0.735, 0.975, 0.975]",3.1538461538461537,0.7146440587413161,0.28535594125868285
10.0,"[0.255, 0.735, 0.975, 0.975]",3.2051282051282053,0.7309332780001109,0.2690667219999058
10.0,"[0.255, 0.735, 0.975, 0.975]",3.2564102564102564,0.7483497344714655,0.2516502655285376
10.0,"[0.255, 0.735, 0.975, 0.975]",3.3076923076923075,0.7584064834557099,0.2415935165441691
10.0,"[0.255, 0.735, 0.975, 0.975]",3.358974358974359,0.7568613752678386,0.24313862473206926
10.0,"[0.255, 0.735, 0.975, 0.975]",3.41025641025641,0.7452106802689423,0.2547893197310584
10.0,"[0.255, 0.735, 0.975, 0.975]",3.4615384615384617,0.7293935394590061,0.2706064605409974
10.0,"[0.255, 0.735, 0.975, 0.975]",3.5128205128205128,0.7159001508323083,0.2840998491676795
10.0,"[0.255, 0.735, 0.975, 0.975]",3.564102564102564,0.7078415936538729,0.29215840634606904
10.0,"[0.255, 0.735, 0.975, 0.975]",3.6153846153846154,0.7057376983272398,0.29426230167277306
10.0,"[0.255, 0.735, 0.975, 0.975]",3.6666666666666665,0.7095924049799841,0.2904075950200443
10.0,"[0.255, 0.735, 0.975, 0.975]",3.717948717948718,0.7188790798934035,0.2811209201065112
10.0,"[0.255, 0.735, 0.975, 0.975]",3.769230769230769,0.7324586280238903,0.267541371976109
10.0,"[0.255, 0.735, 0.975, 0.975]",3.8205128205128203,0.7458450642952843,0.25415493570471664
10.0,"[0.255, 0.735, 0.975, 0.975]",3.871794871794872,0.7545456696501726,0.2454543303498706
10.0,"[0.255, 0.735, 0.975, 0.975]",3.923076923076923,0.7567902025146871,0.2432097974853051
10.0,"[0.255, 0.735, 0.975, 0.975]",3.9743589743589745,0.7528513906606983,0.24714860933930038
10.0,"[0.255, 0.735, 0.975, 0.975]",4.0256410256410255,0.7434781487801756,0.2565218512198498
10.0,"[0.255, 0.735, 0.975, 0.975]",4.076923076923077,0.7315643118599622,0.26843568814003754
10.0,"[0.255, 0.735, 0.975, 0.975]",4.128205128205128,0.7193663406257119,0.28063365937428564
10.0,"[0.255, 0.735, 0.975, 0.975]",4.17948717948718,0.7087352229328104,0.2912647770671705
10.0,"[0.255, 0.735, 0.975, 0.975]",4.230769230769231,0.7012698944810404,0.29873010551898976
10.0,"[0.255, 0.735, 0.975, 0.975]",4.282051282051282,0.6980638539568339,0.30193614604316527
10.0,"[0.255, 0.735, 0.975, 0.975]",4.333333333333333,0.6994893164759768,0.30051068352399835
10.0,"[0.255, 0.735, 0.975, 0.975]",4.384615384615385,0.7049648692086679,0.29503513079133453
10.0,"[0.255, 0.735, 0.975, 0.975]",4.435897435897436,0.7131418007642168,0.2868581992357787
10.0,"[0.255, 0.735, 0.975, 0.975]",4.487179487179487,0.7224800678705532,0.27751993212944637
10.0,"[0.255, 0.735, 0.975, 0.975]",4.538461538461538,0.731674882838167,0.26832511716183577
10.0,"[0.255, 0.735, 0.975, 0.975]",4.589743589743589,0.7397353734139654,0.26026462658601135
10.0,"[0.255, 0.735, 0.975, 0.975]",4.6410256410256405,0.7459187788100103,0.25408122118999144
10.0,"[0.255, 0.735, 0.975, 0.975]",4.6923076923076925,0.7496890204935432,0.25031097950645714
10.0,"[0.255, 0.735, 0.975, 0.975]",4.743589743589744,0.7507263325243256,0.24927366747572235
10.0,"[0.255, 0.735, 0.975, 0.975]",4.794871794871795,0.7489803534359586,0.2510196465640393
10.0,"[0.255, 0.735, 0.975, 0.975]",4.846153846153846,0.7447818280917263,0.2552181719082688
10.0,"[0.255, 0.735, 0.975, 0.975]",4.897435897435898,0.7389688221743176,0.261031177825681
10.0,"[0.255, 0.735, 0.975, 0.975]",4.948717948717949,0.7327050398697686,0.2672949601301906
10.0,"[0.255, 0.735, 0.975, 0.975]",5.0,0.726805551237933,0.27319444876206844
5.0,"[1.215, 1.095, 0.255, 0.735]",3.0,0.7545813137020656,0.24541868629793798
5.0,"[1.215, 1.095, 0.255, 0.735]",3.051282051282051,0.7609556086639321,0.23904439133606342
5.0,"[1.215, 1.095, 0.255, 0.735]",3.1025641025641026,0.771893258438111,0.2281067415618834
5.0,"[1.215, 1.095, 0.255, 0.735]",3.1538461538461537,0.7779863184319354,0.2220136815680647
5.0,"[1.215, 1.095, 0.255, 0.735]",3.2051282051282053,0.7778148111256363,0.22218518887437927
5.0,"[1.215, 1.095, 0.255, 0.735]",3.2564102564102564,0.771864706811029,0.2281352931890059
5.0,"[1.215, 1.095, 0.255, 0.735]",3.3076923076923075,0.7615764461064078,0.23842355389357647
5.0,"[1.215, 1.095, 0.255, 0.735]",3.358974358974359,0.7488027428951295,0.2511972571048243
5.0,"[1.215, 1.095, 0.255, 0.735]",3.41025641025641,0.7353622572386653,0.26463774276133273
5.0,"[1.215, 1.095, 0.255, 0.735]",3.4615384615384617,0.7227615326447275,0.2772384673553163
5.0,"[1.215, 1.095, 0.255, 0.735]",3.5128205128205128,0.7120787977510087,0.28792120224900397
5.0,"[1.215, 1.095, 0.255, 0.735]",3.564102564102564,0.7039862943372688,0.2960137056627287
5.0,"[1.215, 1.095, 0.255, 0.735]",3.6153846153846154,0.6989183902152633,0.30108160978473403
5.0,"[1.215, 1.095, 0.255, 0.735]",3.6666666666666665,0.697249273921369,0.30275072607863085
5.0,"[1.215, 1.095, 0.255, 0.735]",3.717948717948718,0.6990315555755497,0.30096844442439435
5.0,"[1.215, 1.095, 0.255, 0.735]",3.769230769230769,0.7036114153234847,0.29638858467651136
5.0,"[1.215, 1.095, 0.255, 0.735]",3.8205128205128203,0.7107417265548529,0.28925827344515403
5.0,"[1.215, 1.095, 0.255, 0.735]",3.871794871794872,0.7179791890105868,0.282020810989413
5.0,"[1.215, 1.095, 0.255, 0.735]",3.923076923076923,0.7255230110437951,0.27447698895620537
5.0,"[1.215, 1.095, 0.255, 0.735]",3.9743589743589745,0.7337362977866032,0.2662637022137899
5.0,"[1.215, 1.095, 0.255, 0.735]",4.0256410256410255,0.7429719845826718,0.25702801541732745
5.0,"[1.215, 1.095, 0.255, 0.735]",4.076923076923077,0.7494604347956805,0.2505395652042939
5.0,"[1.215, 1.095, 0.255, 0.735]",4.128205128205128,0.7557038519963398,0.2442961480036611
5.0,"[1.215, 1.095, 0.255, 0.735]",4.17948717948718,0.7609453938337852,0.23905460616621962
5.0,"[1.215, 1.095, 0.255, 0.735]",4.230769230769231,0.7648911660027047,0.23510883399731122
5.0,"[1.215, 1.095, 0.255, 0.735]",4.282051282051282,0.7673896273449712,0.2326103726550559
5.0,"[1.215, 1.095, 0.255, 0.735]",4.333333333333333,0.768380869448592,0.23161913055132502
5.0,"[1.215, 1.095, 0.255, 0.735]",4.384615384615385,0.7678816248852376,0.23211837511471525
5.0,"[1.215, 1.095, 0.255, 0.735]",4.435897435897436,0.7659798344415552,0.23402016555844707
5.0,"[1.215, 1.095, 0.255, 0.735]",4.487179487179487,0.7628304229143933,0.23716957708560243
5.0,"[1.215, 1.095, 0.255, 0.735]",4.538461538461538,0.7586539273062111,0.2413460726937881
5.0,"[1.215, 1.095, 0.255, 0.735]",4.589743589743589,0.7537273288817972,0.24627267111819992
5.0,"[1.215, 1.095, 0.255, 0.735]",4.6410256410256405,0.7483636783990893,0.25163632160091925
5.0,"[1.215, 1.095, 0.255, 0.735]",4.6923076923076925,0.7428857541527322,0.25711424584726006
5.0,"[1.215, 1.095, 0.255, 0.735]",4.743589743589744,0.7375823800562757,0.26241761994372537
5.0,"[1.215, 1.095, 0.255, 0.735]",4.794871794871795,0.7326683668569796,0.26733163314301644
5.0,"[1.215, 1.095, 0.255, 0.735]",4.846153846153846,0.7282609012947799,0.2717390987052369
5.0,"[1.215, 1.095, 0.255, 0.735]",4.897435897435898,0.7243827381271767,0.2756172618728034
5.0,"[1.215, 1.095, 0.255, 0.735]",4.948717948717949,0.7209888307190077,0.27901116928100295
5.0,"[1.215, 1.095, 0.255, 0.735]",5.0,0.7180019222585411,0.28199807774142044
2.0,"[0.135, 1.215, 0.855, 1.215]",3.0,0.7845759440432833,0.21542405595671074
2.0,"[0.135, 1.215, 0.855, 1.215]",3.051282051282051,0.7836448524355385,0.21635514756445645
2.0,"[0.135, 1.215, 0.855, 1.215]",3.1025641025641026,0.7817621448816294,0.21823785511837032
2.0,"[0.135, 1.215, 0.855, 1.215]",3.1538461538461537,0.7789758718871584,0.2210241281128773
2.0,"[0.135, 1.215, 0.855, 1.215]",3.2051282051282053,0.7754281770208549,0.2245718229791428
2.0,"[0.135, 1.215, 0.855, 1.215]",3.2564102564102564,0.7712799481723743,0.2287200518274216
2.0,"[0.135, 1.215, 0.855, 1.215]",3.3076923076923075,0.7666863800235407,0.23331361997646136
2.0,"[0.135, 1.215, 0.855, 1.215]",3.358974358974359,0.7617880753038313,0.23821192469617006
2.0,"[0.135, 1.215, 0.855, 1.215]",3.41025641025641,0.7567076640876725,0.24329233591232088
2.0,"[0.135, 1.215, 0.855, 1.215]",3.4615384615384617,0.7515486163154232,0.2484513836845764
2.0,"[0.135, 1.215, 0.855, 1.215]",3.5128205128205128,0.746396608183428,0.2536033918165693
2.0,"[0.135, 1.215, 0.855, 1.215]",3.564102564102564,0.7413197514242146,0.2586802485757723
2.0,"[0.135, 1.215, 0.855, 1.215]",3.6153846153846154,0.7363715710764391,0.26362842892356125
2.0,"[0.135, 1.215, 0.855, 1.215]",3.6666666666666665,0.7315971007080491,0.26840289929194333
2.0,"[0.135, 1.215, 0.855, 1.215]",3.717948717948718,0.7270597683363693,0.2729402316636169
2.0,"[0.135, 1.215, 0.855, 1.215]",3.769230769230769,0.7230378034984698,0.27696219650152876
2.0,"[0.135, 1.215, 0.855, 1.215]",3.8205128205128203,0.734413511411933,0.26558648858806083
2.0,"[0.135, 1.215, 0.855, 1.215]",3.871794871794872,0.7220082455219855,0.27799175447801205
2.0,"[0.135, 1.215, 0.855, 1.215]",3.923076923076923,0.7181997713566253,0.28180022864083415
2.0,"[0.135, 1.215, 0.855, 1.215]",3.9743589743589745,0.7155696821712988,0.2844303178286911
2.0,"[0.135, 1.215, 0.855, 1.215]",4.0256410256410255,0.7134594609730902,0.2865405390269134
2.0,"[0.135, 1.215, 0.855, 1.215]",4.076923076923077,0.7116046575984702,0.2883953424015312
2.0,"[0.135, 1.215, 0.855, 1.215]",4.128205128205128,0.7099405264022497,0.2900594735977483
2.0,"[0.135, 1.215, 0.855, 1.215]",4.17948717948718,0.7084814517788308,0.2915185482211697
2.0,"[0.135, 1.215, 0.855, 1.215]",4.230769230769231,0.7072492391219111,0.2927507608780927
2.0,"[0.135, 1.215, 0.855, 1.215]",4.282051282051282,0.706249927909121,0.29375007209087795
2.0,"[0.135, 1.215, 0.855, 1.215]",4.333333333333333,0.7054800266706366,0.2945199733293627
2.0,"[0.135, 1.215, 0.855, 1.215]",4.384615384615385,0.7049302432733028,0.295069756726684
2.0,"[0.135, 1.215, 0.855, 1.215]",4.435897435897436,0.7045883227405957,0.2954116772594012
2.0,"[0.135, 1.215, 0.855, 1.215]",4.487179487179487,0.7044401495973107,0.2955598504027412
2.0,"[0.135, 1.215, 0.855, 1.215]",4.538461538461538,0.7044715835556035,0.2955284164443975
2.0,"[0.135, 1.215, 0.855, 1.215]",4.589743589743589,0.7046687606775252,0.29533123932248073
2.0,"[0.135, 1.215, 0.855, 1.215]",4.6410256410256405,0.7050164670944497,0.2949835329055463
2.0,"[0.135, 1.215, 0.855, 1.215]",4.6923076923076925,0.7055015653287289,0.2944984346712831
2.0,"[0.135, 1.215, 0.855, 1.215]",4.743589743589744,0.7061105037207401,0.2938894962792589
2.0,"[0.135, 1.215, 0.855, 1.215]",4.794871794871795,0.7068303467600047,0.2931696532399986
2.0,"[0.135, 1.215, 0.855, 1.215]",4.846153846153846,0.7076490754786647,0.2923509245213556
2.0,"[0.135, 1.215, 0.855, 1.215]",4.897435897435898,0.7085557500528458,0.29144424994715445
2.0,"[0.135, 1.215, 0.855, 1.215]",4.948717948717949,0.7095408144530952,0.29045918554690714
2.0,"[0.135, 1.215, 0.855, 1.215]",5.0,0.7105965856350368,0.28940341436496403
